{
	"figure": {
		"figsize": [16, 9],
		"title": "Psychrometric Chart (sea level)",
		"x_label": "DRY-BULB TEMPERATURE, $°C$",
		"y_label": "HUMIDITY RATIO $w, g_w / kg_{da}$",
		"x_axis": {"color": [0.0, 0.0, 0.0], "linewidth": 1.5, "linestyle": "-"},
		"x_axis_labels": {"color": [0.0, 0.0, 0.0], "fontsize": 8},
		"x_axis_ticks": {"direction": "out", "color": [0.0, 0.0, 0.0]},
		"y_axis": {"color": [0.0, 0.0, 0.0], "linewidth": 1.5, "linestyle": "-"},
		"y_axis_labels": {"color": [0.0, 0.0, 0.0], "fontsize": 8},
		"y_axis_ticks": {"direction": "out", "color": [0.0, 0.0, 0.0]},
		"partial_axis": false,
		"position": [0.025, 0.075, 0.925, 0.875]
	},
	"limits": {
		"range_temp_c": [0, 50],
		"range_humidity_g_kg": [0, 30],
		"altitude_m": 0,
		"step_temp": 1.0
	},

	"saturation": {"color": [0.0, 0.0, 0.0], "linewidth": 2, "linestyle": "-"},
	"constant_rh": {"color": [0.0, 0.0, 0.0], "linewidth": 1, "linestyle": "-"},
	"constant_v": {"color": [0.0, 0.0, 0.0], "linewidth": 0.5, "linestyle": "-"},
	"constant_h": {"color": [0.0, 0.0, 0.0], "linewidth": 0.75, "linestyle": "-"},
	"constant_wet_temp": {"color": [0.0, 0.0, 0.0], "linewidth": 1, "linestyle": "--"},
	"constant_dry_temp": {"color": [0.0, 0.0, 0.0], "linewidth": 0.25, "linestyle": "-"},
	"constant_humidity": {"color": [0.0, 0.0, 0.0], "linewidth": 0.25, "linestyle": "-"},

	"chart_params": {
		"with_constant_rh": true,
		"constant_rh_curves": [10, 20, 30, 40, 50, 60, 70, 80, 90],
		
		"with_constant_v": true,
		"constant_v_step": 0.01,
		"range_vol_m3_kg": [0.78, 0.96],

		"with_constant_h": true,
		"constant_h_step": 10,
		"range_h": [10, 130],

		"with_constant_wet_temp": true,
		"constant_wet_temp_step": 1,
		"range_wet_temp": [-10, 35],
		"constant_wet_temp_labels": [0, 5, 10, 15, 20, 25, 30],

		"with_constant_dry_temp": true,
		"constant_temp_step": 1,
		
		"with_constant_humidity": true,
		"constant_humid_step": 0.5,

		"with_zones": false
	}
}