{
	"figure": {
		"figsize": [16, 9],
		"base_fontsize": 10,
		"title": "Psychrometric Chart",
		"x_label": "Dry-bulb temperature, $°C$",
		"y_label": "Humidity ratio $w, g_w / kg_{da}$",
		"x_axis": {"color": [0.2, 0.2, 0.2], "linewidth": 2, "linestyle": "-"},
		"x_axis_labels": {"color": [0.2, 0.2, 0.2], "fontsize": 9},
		"y_axis": {"color": [0.3, 0.3, 0.3], "linewidth": 2, "linestyle": "-"},
		"y_axis_labels": {"color": [0.3, 0.3, 0.3], "fontsize": 8},
		"x_axis_ticks": {"direction": "out", "color": [0.2, 0.2, 0.2]},
		"y_axis_ticks": {"direction": "out", "color": [0.3, 0.3, 0.3]},
		"partial_axis": true,
		"position": [0.025, 0.075, 0.925, 0.875]
	},
	"limits": {
		"range_temp_c": [0, 50],
		"range_humidity_g_kg": [0, 40],
		"altitude_m": 0,
		"pressure_kpa": null,
		"step_temp": 1.0
	},

	"saturation": {"color": [0.855, 0.004, 0.278], "linewidth": 3, "linestyle": "-"},
	"constant_rh": {"color": [0.0, 0.498, 1.0], "linewidth": 1, "linestyle": "-."},
	"constant_v": {"color": [0.0, 0.502, 0.337], "linewidth": 1, "linestyle": "--"},
	"constant_h": {"color": [0.251, 0.0, 0.502], "linewidth": 1, "linestyle": "--"},
	"constant_wet_temp": {"color": [0.498, 0.875, 1.0], "linewidth": 1, "linestyle": "-."},
	"constant_dry_temp": {"color": [0.855, 0.145, 0.114], "linewidth": 0.75, "linestyle": ":"},
	"constant_humidity": {"color": [0.0, 0.125, 0.376], "linewidth": 0.75, "linestyle": ":"},

	"chart_params": {
		"with_constant_rh": true,
		"constant_rh_label": "Constant relative humidity",
		"constant_rh_curves": [10, 20, 30, 40, 45, 50, 55, 60, 70, 80, 90],
		"constant_rh_labels": [20, 30, 40, 50, 60, 70, 80],
		"constant_rh_labels_loc": 0.85,

		"with_constant_v": true,
		"constant_v_label": "Constant specific volume",
		"constant_v_step": 0.02,
		"range_vol_m3_kg": [0.78, 0.98],
		"constant_v_labels": [0.8, 0.9, 0.96],
		"constant_v_labels_loc": 1.0,

		"with_constant_h": true,
		"constant_h_label": "Constant enthalpy",
		"constant_h_step": 5,
		"range_h": [5, 155],
		"constant_h_labels": [5, 25, 50, 75, 100, 125],
		"constant_h_labels_loc": 1.0,

		"with_constant_wet_temp": true,
		"constant_wet_temp_label": "Constant wet bulb temperature",
		"constant_wet_temp_step": 5,
		"range_wet_temp": [-10, 40],
		"constant_wet_temp_labels": [0, 5, 10, 15, 20, 25, 30, 35],
		"constant_wet_temp_labels_loc": 0.05,

		"with_constant_dry_temp": true,
		"constant_temp_label": "Dry bulb temperature",
		"constant_temp_step": 1,
		"constant_temp_label_step": 5,
		"constant_temp_label_include_limits": true,

		"with_constant_humidity": true,
		"constant_humid_label": "Absolute humidity",
		"constant_humid_step": 1,
		"constant_humid_label_step": 2,
		"constant_humid_label_include_limits": true,

		"with_zones": true
	}
}