{
	"figure": {
		"figsize": [16, 9],
		"title": "Diagrama psicrométrico",
		"x_label": "Temperatura ($°C$)",
		"y_label": "Humedad específica ($g_w / kg_{da}$)",
		"x_axis": {"color": [0.855, 0.145, 0.114], "linewidth": 2, "linestyle": "-"},
		"x_axis_labels": {"color": [0.855, 0.145, 0.114], "fontsize": 11},
		"x_axis_ticks": {"direction": "out", "color": [0.855, 0.145, 0.114]},
		"y_axis": {"color": [0.0, 0.125, 0.376], "linewidth": 2, "linestyle": "-"},
		"y_axis_labels": {"color": [0.0, 0.125, 0.376], "fontsize": 10},
		"y_axis_ticks": {"direction": "out", "color": [0.0, 0.125, 0.376]},
		"partial_axis": true,
		"position": [0.025, 0.075, 0.925, 0.875]
	},
	"limits": {
		"range_temp_c": [15, 35],
		"range_humidity_g_kg": [0, 25],
		"altitude_m": 550,
		"step_temp": 0.25
	},

	"saturation": {"color": [0.855, 0.145, 0.114], "linewidth": 4, "linestyle": "-"},
	"constant_rh": {"color": [0.0, 0.498, 1.0], "linewidth": 1, "linestyle": "-."},
	"constant_v": {"color": [0.0, 0.502, 0.337], "linewidth": 1, "linestyle": "--"},
	"constant_h": {"color": [0.251, 0.0, 0.502], "linewidth": 1, "linestyle": "--"},
	"constant_wet_temp": {"color": [0.498, 0.875, 1.0], "linewidth": 1, "linestyle": "-."},
	"constant_dry_temp": {"color": [0.855, 0.145, 0.114], "linewidth": 0.75, "linestyle": ":"},
	"constant_humidity": {"color": [0.0, 0.125, 0.376], "linewidth": 0.75, "linestyle": ":"},

	"chart_params": {
		"with_constant_rh": true,
		"constant_rh_curves": [10, 20, 30, 40, 45, 50, 55, 60, 70, 80, 90],
		"constant_rh_labels": [10, 20, 30, 40, 50, 60, 70, 80, 90],

		"with_constant_v": true,
		"constant_v_step": 0.025,
		"range_vol_m3_kg": [0.875, 1.0],
		"constant_v_labels": [0.9],

		"with_constant_h": true,
		"constant_h_step": 5,
		"range_h": [20, 140],

		"with_constant_wet_temp": true,
		"constant_wet_temp_step": 1,
		"range_wet_temp": [-10, 30],
		"constant_wet_temp_labels": [0, 5, 10, 15, 20, 25, 30],

		"with_constant_dry_temp": true,
		"constant_temp_step": 1,
		"constant_temp_label_step": 1,

		"with_constant_humidity": true,
		"constant_humid_step": 5,
		"constant_humid_label_step": 2,

		"with_zones": true
	}
}