{
	"figure": {
		"figsize": [16, 10],
		"title": null,
		"x_label": "Dry-bulb temperature ($°C$)",
		"y_label": "Humidity ratio ($g_w / kg_{da}$)",
		"x_axis": {"color": [0.855, 0.145, 0.114], "linewidth": 2, "linestyle": "-"},
		"x_axis_labels": {"color": [0.855, 0.145, 0.114], "fontsize": 11},
		"x_axis_ticks": {"direction": "in", "color": [0.855, 0.145, 0.114], "pad": -20},
		"y_axis": {"color": [0.0, 0.125, 0.376], "linewidth": 2, "linestyle": "-"},
		"y_axis_labels": {"color": [0.0, 0.125, 0.376], "fontsize": 10},
		"y_axis_ticks": {"direction": "in", "color": [0.0, 0.125, 0.376], "pad": -20},
		"partial_axis": true,
		"position": [0, 0, 1, 1]
	},
	"limits": {
		"range_temp_c": [10, 40],
		"range_humidity_g_kg": [0, 25],
		"altitude_m": 550,
		"step_temp": 0.25
	},

	"saturation": {"color": [0.855, 0.145, 0.114], "linewidth": 5, "linestyle": "-"},
	"constant_rh": {"color": [0.0, 0.498, 1.0], "linewidth": 2, "linestyle": "-"},
	"constant_v": {"color": [0.0, 0.502, 0.337], "linewidth": 2, "linestyle": "-"},
	"constant_h": {"color": [0.251, 0.0, 0.502], "linewidth": 2, "linestyle": "-"},
	"constant_wet_temp": {"color": [0.498, 0.875, 1.0], "linewidth": 1, "linestyle": "-"},
	"constant_dry_temp": {"color": [0.855, 0.145, 0.114], "linewidth": 0.75, "linestyle": ":"},
	"constant_humidity": {"color": [0.0, 0.125, 0.376], "linewidth": 0.75, "linestyle": ":"},

	"chart_params": {
		"with_constant_rh": true,
		"constant_rh_curves": [20, 40, 60, 80],
		"constant_rh_labels": [],

		"with_constant_v": true,
		"constant_v_step": 0.04,
		"range_vol_m3_kg": [0.86, 0.98],
		"constant_v_labels": [],

		"with_constant_h": true,
		"constant_h_step": 40,
		"range_h": [20, 120],
		"constant_h_labels": [],

		"with_constant_wet_temp": true,
		"constant_wet_temp_step": 5,
		"range_wet_temp": [-10, 35],
		"constant_wet_temp_labels": [10, 20, 30],

		"with_constant_dry_temp": true,
		"constant_temp_step": 5,
		"constant_temp_label_step": 15,
		"constant_temp_label_include_limits": false,

		"with_constant_humidity": false,
		"constant_humid_step": 10,
		"constant_humid_label_step": 10,
		"constant_humid_label_include_limits": false,

		"with_zones": false
	}
}